"Shoes,Socks,Cerave,Rosemary Oil,Fly Swatter"
"Mascara,Bubble Tea,Blueberries,Tofu,Cactus"
"Umbrella,Jacket,Comforter,Socks,Hoodie"
"Aloe,Fairy Lights,Bread"
"Swiffer,Tofu,Curtains,Sweater"
"Hoodies,Pants,Curtains,Socks"
"Shampoo,Rosemary Oil"
"Curtains,Comforter,Coconut Oil"
"Orange Juice,Lunchbox,Sunscreen,Jacket,Umbrella"
"Tofu,Milk,Bread"
"Orange Juice,Bread,Comforter,Umbrella,Mascara"
"Bubble Tea,Shampoo,Lunchbox,Jacket"
"Facemask,Sweater,Swiffer,Blazer,Bubble Tea"
"Hoodies,Orange Juice,Socks"
"Rosemary Oil,Cerave"
"Blazer,Shoes,Socks"
"Fairy Lights,Aloe,Tofu"
"Sweater,Swiffer,Fly Swatter"
"Comforter,Jacket,Umbrella"
"Bubble Tea,Mascara,Fly Swatter"